citekey,title,lead_author,other_authors,year,doi,journal,book
abrantes.etal1998,Sediment Fluxes along the Northeastern European Margin: Inferring Hydrological Changes between 20 and 8 Kyr,"Abrantes, F.","Baas, J.; Haflidason, H.; Rasmussen, T.; Klitgaard, D.; Loncaric, N.; Gaspar, L.",1998,10.1016/S0025-3227(98)00062-0,Marine Geology,
ahmad.etal2008,Surface and Deep Water Changes in the Northeast Indian Ocean during the Last 60 Ka Inferred from Carbon and Oxygen Isotopes of Planktonic and Benthic Foraminifera,"Ahmad, S.","Babu, G.; Padmakumari, V.; Raza, W.",2008,10.1016/j.palaeo.2008.03.007,"Palaeogeography, Palaeoclimatology, Palaeoecology",
anand.etal2008,Coupled Sea Surface Temperature-Seawater d18O Reconstructions in the Arabian Sea at the Millennial Scale for the Last 35 Ka,"Anand, P.","Kroon, D.; Singh, A.; Ganeshram, R.; Ganssen, G.; Elderfield, H.",2008,10.1029/2007PA001564,Paleoceanography,
anderson.etal1989,Estimates of Sea Surface Temperature in the Coral Sea at the Last Glacial Maximum,"Anderson, D.","Prell, W.; Barratt, N.",1989,10.1029/PA004i006p00615,Paleoceanography,
arz.etal1998,Correlated Millennial-Scale Changes in Surface Hydrography and Terrigenous Sediment Yield Inferred from Last-Glacial Marine Deposits off Northeastern Brazil,"Arz, H.","Pätzold, J.; Wefer, G.",1998,10.1006/qres.1998.1992,Quaternary Research,
arz.etal1999,The Deglacial History of the Western Tropical Atlantic as Inferred from High Resolution Stable Isotope Records off Northeastern Brazil,"Arz, H.","Pätzold, J.; Wefer, G.",1999,10.1016/S0012-821X(99)00025-4,Earth and Planetary Science Letters,
arz.etal2003,Influence of Northern Hemisphere Climate and Global Sea Level Rise on the Restricted Red Sea Marine Environment during Termination I,"Arz, H.","Pätzold, J.; Müller, P.; Moammar, M.",2003,10.1029/2002pa000864,Paleoceanography,
bahr.etal2011,Hydrological Variability in Florida Straits during Marine Isotope Stage 5 Cold Events,"Bahr, A.","Nürnberg, D.; Schönfeld, J.; Garbe-Schönberg, D.",2011,10.1029/2010pa002015,Paleoceanography,
bassinot.etal1994,Coarse Fraction Fluctuations in Pelagic Carbonate Sediments from the Tropical Indian Ocean: A 1500-Kyr Record of Carbonate Dissolution,"Bassinot, F.","Beaufort, L.; Vincent, E.; Labeyrie, L.; Rostek, F.; Müller, P.; Quidelleur, X.; Lancelot, Y.",1994,10.1029/94PA00860,Paleoceanography,
bauch.etal2001,"A Multiproxy Reconstruction of the Evolution of Deep and Surface Waters in the Subarctic Nordic Seas over the Last 30,000yr","Bauch, H.","Erlenkeuser, H.; Spielhagen, R.; Struck, U.; Matthiessen, J.; Thiede, J.; Heinemeier, J.",2001,10.1016/S0277-3791(00)00098-6,Quaternary Science Reviews,
beveridge.etal1995,Deep Thermohaline Circulation in the Low-Latitude Atlantic during the Last Glacial,"Beveridge, N.","Elderfield, H.; Shackleton, N.",1995,10.1029/94PA03353,Paleoceanography,
bickert.etal1997,Late Pliocene to Holocene (2.6-0 Ma) Western Equatorial Atlantic Deep-Water Circulation: Inferences from Benthic Stable Isotopes,"Bickert, T.","Curry, W.; Wefer, G.",1997,10.2973/odp.proc.sr.154.110.1997,,"Proceedings of the Ocean Drilling Program, Scientific Results"
bickert.mackensen2003,Last Glacial to Holocene Changes in South Atlantic Deep Water Circulation,"Bickert, T.","Mackensen, A.",2003,10.1007/978-3-642-18917-3_29,,The South Atlantic in the Late Quaternary
bickert.wefer1996,Late Quaternary Deep Water Circulation in the South Atlantic: Reconstruction from Carbonate Dissolution and Benthic Stable Isotopes,"Bickert, T.","Wefer, G.",1996,10.1007/978-3-642-80353-6_30,,The South Atlantic
bolliet.etal2011,Mindanao Dome Variability over the Last 160 Kyr: Episodic Glacial Cooling of the West Pacific Warm Pool,"Bolliet, T.","Holbourn, A.; Kuhnt, W.; Laj, C.; Kissel, C.; Beaufort, L.; Kienast, M.; Andersen, N.; Garbe-Schönberg, D.",2011,10.1029/2010pa001966,Paleoceanography,
bostock.etal2004,Carbon Isotope Evidence for Changes in Antarctic Intermediate Water Circulation and Ocean Ventilation in the Southwest Pacific during the Last Deglaciation,"Bostock, H.","Opdyke, B.; Gagan, M.; Fifield, L.",2004,10.1029/2004pa001047,Paleoceanography,
bouimetarhan.etal2013,Low- to High-Productivity Pattern within Heinrich Stadial 1: Inferences from Dinoflagellate Cyst Records off Senegal,"Bouimetarhan, I.","Groeneveld, J.; Dupont, L.; Zonneveld, K.",2013,10.1016/j.gloplacha.2013.03.007,Global and Planetary Change,
boyle.keigwin1985,"Comparison of Atlantic and Pacific Paleochemical Records for the Last 215,000 Years: Changes in Deep Ocean Circulation and Chemical Inventories","Boyle, E.","Keigwin, L.",1985,10.1016/0012-821x(85)90154-2,Earth and Planetary Science Letters,
brunelle.etal2007,Evidence from Diatom-Bound Nitrogen Isotopes for Subarctic Pacific Stratification during the Last Ice Age and a Link to North Pacific Denitrification Changes,"Brunelle, B.","Sigman, D.; Cook, M.; Keigwin, L.; Haug, G.; Plessen, B.; Schettler, G.; Jaccard, S.",2007,10.1029/2005pa001205,Paleoceanography,
cacho.etal2006,Glacial Rapid Variability in Deep-Water Temperature and 18O from the Western Mediterranean Sea,"Cacho, I.","Shackleton, N.; Elderfield, H.; Sierro, F.; Grimalt, J.",2006,10.1016/j.quascirev.2006.10.004,Quaternary Science Reviews,
came.etal2007,Amplitude and Timing of Temperature and Salinity Variability in the Subpolar North Atlantic over the Past 10 k.y.,"Came, R.","Oppo, D.; McManus, J.",2007,10.1130/g23455a.1,Geology,
cannariato.ravelo1997,Pliocene-Pleistocene Evolution of Eastern Tropical Pacific Surface Water Circulation and Thermocline Depth,"Cannariato, K.","Ravelo, A.",1997,10.1029/97PA02514,Paleoceanography,
cappelli.etal2016,Changes in Timor Strait Hydrology and Thermocline Structure during the Past 130 Ka,"Cappelli, E.","Holbourn, A.; Kuhnt, W.; Regenberg, M.",2016,10.1016/j.palaeo.2016.09.010,"Palaeogeography, Palaeoclimatology, Palaeoecology",
carlson.etal2008,Subtropical Atlantic Salinity Variability and Atlantic Meridional Circulation during the Last Deglaciation,"Carlson, A.","Oppo, D.; Came, R.; LeGrande, A.; Keigwin, L.; Curry, W.",2008,10.1130/g25080a.1,Geology,
carter.etal2008,Southwest Pacific Modulation of Abrupt Climate Change during the Antarctic Cold Reversal-Younger Dryas,"Carter, L.","Manighetti, B.; Ganssen, G.; Northcote, L.",2008,10.1016/j.palaeo.2007.08.013,"Palaeogeography, Palaeoclimatology, Palaeoecology",
castaneda.etal2004,Temporal Changes in Holocene18O Records from the Northwest and Central North Iceland Shelf,"Castañeda, I.","Smith, L.; Kristjánsdóttir, G.; Andrews, J.",2004,10.1002/jqs.841,Journal of Quaternary Science,
chapman.shackleton1999,"Global Ice-Volume Fluctuations, North Atlantic Ice-Rafting Events, and Deep-Ocean Circulation Changes between 130 and 70 Ka","Chapman, M.","Shackleton, N.",1999,10.1130/0091-7613(1999)027<0795:GIVFNA>2.3.CO;2,Geology,
charles.etal1996,Climate Connections between the Hemisphere Revealed by Deep Sea Sediment Core/Ice Core Correlations,"Charles, C.","Lynch-Stieglitz, J.; Ninnemann, U.; Fairbanks, R.",1996,10.1016/0012-821x(96)00083-0,Earth and Planetary Science Letters,
cline.etal1984,The Last Interglacial Ocean,"Cline, R.","Hays, J.; Prell, W.; Ruddiman, W.; Moore, T.; Kipp, N.; Molfino, B.; Denton, G.; Hughes, T.; Balsam, W.; Brunner, C.; Duplessy, J.-C.; Esmay, A.; Fastook, J.; Imbrie, J.; Keigwin, L.; Kellogg, T.; McIntyre, A.; Matthews, R.; Mix, A.; Morley, J.; Shackleton, N.; Streeter, S.; Thompson, P.",1984,10.1016/0033-5894(84)90098-X,Quaternary Research,
cortijo.etal1999,Changes in Meridional Temperature and Salinity Gradients in the North Atlantic Ocean (30°-72°N) during the Last Interglacial Period,"Cortijo, E.","Lehman, S.; Keigwin, L.; Chapman, M.; Paillard, D.; Labeyrie, L.",1999,10.1029/1998pa900004,Paleoceanography,
cortijo1995,La variabilité climatique rapide dans l'atlantique nord depuis 128 000 ans : relations entre les calottes de glace et l'océan de surface,"Cortijo, E.",,1995,,,
crusius.etal1999,A 36 Kyr Geochemical Record from the Sea of Japan of Organic Matter Flux Variations and Changes in Intermediate Water Oxygen Concentrations,"Crusius, J.","Pedersen, T.; Calvert, S.; Cowie, G.; Oba, T.",1999,10.1029/1998PA900023,Paleoceanography,
curry.crowley1987,The 13C of Equatorial Atlantic Surface Waters: Implications for Ice Age pCO2 Levels,"Curry, W.","Crowley, T.",1987,10.1029/pa002i005p00489,Paleoceanography,
curry.etal1988,Changes in the Distribution of d13C of Deep Water ΣCO_2 between the Last Glaciation and the Holocene,"Curry, W.","Duplessy, J.; Labeyrie, L.; Shackleton, N.",1988,10.1029/PA003i003p00317,Paleoceanography,
curry.etal1999,"Millennial-Scale Changes in Ventilation of the Thermocline, Intermediate, and Deep Waters of the Glacial North Atlantic","Curry, W.","Marchitto, T.; McManus, J.; Oppo, D.; Laarkamp, K.",1999,10.1029/gm112p0059,,Mechanisms of Global Climate Change at Millennial Time Scales
curry.oppo1997,"Synchronous, High-Frequency Oscillations in Tropical Sea Surface Temperatures and North Atlantic Deep Water Production during the Last Glacial Cycle","Curry, W.","Oppo, D.",1997,10.1029/96PA02413,Paleoceanography,
curry.oppo2005,Glacial Water Mass Geometry and the Distribution of d13C of ΣCO_2 in the Western Atlantic Ocean,"Curry, W.","Oppo, D.",2005,10.1029/2004PA001021,Paleoceanography,
deabreu.etal2003,Millennial-Scale Oceanic Climate Variability off the Western Iberian Margin during the Last Two Glacial Periods,"Abreu, L. de ","Shackleton, N.; Schönfeld, J.; Hall, M.; Chapman, M.",2003,10.1016/S0025-3227(03)00046-X,Marine Geology,
delphiproject,Delphi,,,,,University of Cambridge Department of Earth Sciences,
dickson.etal2009,Oceanic Forcing of the Marine Isotope Stage 11 Interglacial,"Dickson, A.","Beer, C.; Dempsey, C.; Maslin, M.; Bendle, J.; McClymont, E.; Pancost, R.",2009,10.1038/ngeo527,Nature Geoscience,
diz.etal2007,Paleoceanography of the Southern Agulhas Plateau during the Last 150 Ka: Inferences from Benthic Foraminiferal Assemblages and Multispecies Epifaunal Carbon Isotopes,"Diz, P.","Hall, I.; Zahn, R.; Molyneux, E.",2007,10.1029/2007pa001511,Paleoceanography,
dokken.jansen1999,Rapid Changes in the Mechanism of Ocean Convection during the Last Glacial Period,"Dokken, T.","Jansen, E.",1999,10.1038/46753,Nature,
dorschel.etal2005,Growth and Erosion of a Cold-Water Coral Covered Carbonate Mound in the Northeast Atlantic during the Late Pleistocene and Holocene,"Dorschel, B.","Hebbeln, D.; Ruggeberg, A.; Dullo, W.; Freiwald, A.",2005,10.1016/j.epsl.2005.01.035,Earth and Planetary Science Letters,
duplessy.etal1988,Norwegian Sea Deep Water Variations over the Last Climatic Cycle: Paleo-Oceanographical Implications,"Duplessy, J.-C.","Labeyrie, L.; Blanc, P.",1988,10.1007/BFb0046591,,Long and Short Term Variability of Climate
duplessy.etal1992,Changes in Surface Salinity of the North Atlantic Ocean during the Last Deglaciation,"Duplessy, J.-C.","Labeyrie, L.; Arnold, M.; Paterne, M.; Duprat, J.; Weering, T. van ",1992,10.1038/358485a0,Nature,
duplessy.etal2005,Paleoceanography of the Barents Sea during the Holocene,"Duplessy, J.-C.","Cortijo, E.; Ivanova, E.; Khusid, T.; Labeyrie, L.; Levitan, M.; Murdmaa, I.; Paterne, M.",2005,10.1029/2004pa001116,Paleoceanography,
duplessy1996,Quaternary Paleoceanography: Unpublished Stable Isotope Records,"Duplessy, J.-C.",,1996,,,
durkoop.etal1997,Late Quaternary Variations of Sea Surface Salinity and Temperature in the Western Tropical Atlantic: Evidence from d18O of Globigerinoides Sacculifer,"Dürkoop, A.","Hale, W.; Mulitza, S.; Pätzold, J.; Wefer, G.",1997,10.1029/97PA02270,Paleoceanography,
fraser.etal2014,"Precipitation Variability within the West Pacific Warm Pool over the Past 120 Ka: Evidence from the Davao Gulf, Southern Philippines","Fraser, N.","Kuhnt, W.; Holbourn, A.; Bolliet, T.; Andersen, N.; Blanz, T.; Beaufort, L.",2014,10.1002/2013pa002599,Paleoceanography,
freudenthal.etal2002,"Upwelling Intensity and Filament Activity off Morocco during the Last 250,000 Years","Freudenthal, T.","Meggers, H.; Henderiks, J.; Kuhlmann, H.; Moreno, A.; Wefer, G.",2002,10.1016/S0967-0645(02)00101-7,Deep Sea Research Part II: Topical Studies in Oceanography,
gebhardt.etal2008,Paleonutrient and Productivity Records from the Subarctic North Pacific for Pleistocene Glacial Terminations I to V,"Gebhardt, H.","Sarnthein, M.; Grootes, P.; Kiefer, T.; Kuehn, H.; Schmieder, F.; Röhl, U.",2008,10.1029/2007pa001513,Paleoceanography,
gorbarenko.southon2000,Detailed Japan Sea Paleoceanography during the Last 25 Kyr: Constraints from AMS Dating and d18O of Planktonic Foraminifera,"Gorbarenko, S.","Southon, J.",2000,10.1016/S0031-0182(99)00137-6,"Palaeogeography, Palaeoclimatology, Palaeoecology",
gottschalk.etal2015,Contribution of Seasonal Sub-Antarctic Surface Water Variability to Millennial-Scale Changes in Atmospheric CO2 over the Last Deglaciation and Marine Isotope Stage 3,"Gottschalk, J.","Skinner, L.; Waelbroeck, C.",2015,10.1016/j.epsl.2014.11.051,Earth and Planetary Science Letters,
govin.etal2012,Persistent Influence of Ice Sheet Melting on High Northern Latitude Climate during the Early Last Interglacial,"Govin, A.","Braconnot, P.; Capron, E.; Cortijo, E.; Duplessy, J.-C.; Jansen, E.; Labeyrie, L.; Landais, A.; Marti, O.; Michel, E.; Mosquet, E.; Risebrobakken, B.; Swingedouw, D.; Waelbroeck, C.",2012,10.5194/cp-8-483-2012,Climate of the Past,
hale.pflaumann1999,Sea-Surface Temperature Estimations Using a Modern Analog Technique with Foraminiferal Assemblages from Western Atlantic Quaternary Sediments,"Hale, W.","Pflaumann, U.",1999,10.1007/978-3-642-58646-0_2,,Use of Proxies in Paleoceanography: Examples from the South Atlantic
hodell.etal2003,Pleistocene Vertical Carbon Isotope and Carbonate Gradients in the South Atlantic Sector of the Southern Ocean,"Hodell, D.","Venz, K.; Charles, C.; Ninnemann, U.",2003,10.1029/2002GC000367,"Geochemistry, Geophysics, Geosystems",
holbourn.etal2002,Late Pleistocene Bryozoan Reef Mounds of the Great Australian Bight: Isotope Stratigraphy and Benthic Foraminiferal Record: LATE PLEISTOCENE BRYOZOAN REEF MOUNDS,"Holbourn, A.","Kuhnt, W.; James, N.",2002,10.1029/2001PA000643,Paleoceanography,
holbourn.etal2005,Orbitally Paced Paleoproductivity Variations in the Timor Sea and Indonesian Throughflow Variability during the Last 460 Kyr,"Holbourn, A.","Kuhnt, W.; Kawamura, H.; Jian, Z.; Grootes, P.; Erlenkeuser, H.; Xu, J.",2005,10.1029/2004pa001094,Paleoceanography,
hoogakker.etal2011,Dynamics of North Atlantic Deep Water Masses during the Holocene,"Hoogakker, B.","Chapman, M.; McCave, I.; Hillaire-Marcel, C.; Ellison, C.; Hall, I.; Telford, R.",2011,10.1029/2011pa002155,Paleoceanography,
hoogakker.etal2014,Holocene Climate Variability in the Labrador Sea,"Hoogakker, B.","McCave, I.; Elderfield, H.; Hillaire-Marcel, C.; Simstich, J.",2014,10.1144/jgs2013-097,Journal of the Geological Society,
howard.prell1994,Late Quaternary CaCO_3 Production and Preservation in the Southern Ocean: Implications for Oceanic and Atmospheric Carbon Cycling,"Howard, W.","Prell, W.",1994,10.1029/93PA03524,Paleoceanography,
huls1999,Stable Isotope Analysis on Sediment Core M35003-4,"Hüls, M.",,1999,10.1594/PANGAEA.55754,,
imbrie.etal1997,Composite Stable Isotope Data (Adjusted) for Sediment Core RC12-294 (Specmap.002),"Imbrie, J.","McIntyre, A.; Mix, A.",1997,10.1594/PANGAEA.52117,,
jennings.etal2015,"Detrital Carbonate Peaks on the Labrador Shelf, a 13- 7ka Template for Freshwater Forcing from the Hudson Strait Outlet of the Laurentide Ice Sheet into the Subpolar Gyre","Jennings, A.","Andrews, J.; Pearce, C.; Wilson, L.; Ólfasdótttir, S.",2015,10.1016/j.quascirev.2014.10.022,Quaternary Science Reviews,
johnstone.etal2014,"Calcite Saturation, Foraminiferal Test Mass, and Mg/Ca-Based Temperatures Dissolution Corrected Using XDX-A 150 Ka Record from the Western Indian Ocean","Johnstone, H.","Kiefer, T.; Elderfield, H.; Schulz, M.",2014,10.1002/2013gc004994,"Geochemistry, Geophysics, Geosystems",
jonkers.etal2015,"Deep Circulation Changes in the Central South Atlantic during the Past 145 Kyrs Reflected in a Combined 231 Pa/ 230 Th, Neodymium Isotope and Benthic C13 Record","Jonkers, L.","Zahn, R.; Thomas, A.; Henderson, G.; Abouchami, W.; François, R.; Masque, P.; Hall, I.; Bickert, T.",2015,10.1016/j.epsl.2015.03.004,Earth and Planetary Science Letters,
jonkers.etal2020,Integrating Palaeoclimate Time Series with Rich Metadata for Uncertainty Modelling: Strategy and Documentation of the PalMod 130k Marine Palaeoclimate Data Synthesis,"Jonkers, L.","Cartapanis, O.; Langner, M.; McKay, N.; Mulitza, S.; Strack, A.; Kucera, M.",2020,10.5194/essd-12-1053-2020,Earth System Science Data,
jung.etal2009,Enhanced Arabian Sea Intermediate Water Flow during Glacial North Atlantic Cold Phases,"Jung, S.","Kroon, D.; Ganssen, G.; Peeters, F.; Ganeshram, R.",2009,10.1016/j.epsl.2009.01.037,Earth and Planetary Science Letters,
jung.sarnthein2003,Stable Isotope Data of Sediment Cores GIK17049-6,"Jung, S.","Sarnthein, M.",2003,10.1594/PANGAEA.112908,,
jung.sarnthein2003a,Stable Isotope Data of Sediment Cores GIK23419-8,"Jung, S.","Sarnthein, M.",2003,10.1594/PANGAEA.112916,,
jung.sarnthein2003b,Stable Isotope Data of Sediment Cores GIK23414-9,"Jung, S.","Sarnthein, M.",2003,10.1594/PANGAEA.112911,,
jung.sarnthein2003c,Stable Isotope Data of Sediment Cores GIK23415-9,"Jung, S.","Sarnthein, M.",2003,10.1594/PANGAEA.112912,,
jung.sarnthein2003d,Stable Isotope Data of Sediment Cores GIK23418-8,"Jung, S.","Sarnthein, M.",2003,10.1594/PANGAEA.112915,,
jung.sarnthein2003e,Stable Isotope Data of Sediment Cores GIK23417-1,"Jung, S.","Sarnthein, M.",2003,10.1594/PANGAEA.112914,,
jung.sarnthein2004,Stable Isotope Data of Core GIK23416-4,"Jung, S.","Sarnthein, M.",2004,10.1594/PANGAEA.136423,,
jung1996,Wassermassenaustausch Zwischen NE-Atlantik Und Nordmeer Während Der Letzten 300.000/80.000 Jahre Im Abbild Stabiler 0- Und C-Lsotope,"Jung, S.",,1996,10.2312/reports-sfb313.1996.61,,
jung2004,Stable Isotope Analysis of Foraminifera from Sediment Core SO82_5-2,"Jung, S.",,2004,10.1594/PANGAEA.201812,,
kaiser2002,"Ozeanographie, Produktivität und Meereisverbreitung im Ochotskischen Meer während der letzten ca. 350 ka","Kaiser, A.",,2002,,,
kawamura.etal2006,Climate Variability and Land- Ocean Interactions in the Indo Pacific Warm Pool: A 460-Ka Palynological and Organic Geochemical Record from the Timor Sea,"Kawamura, H.","Holbourn, A.; Kuhnt, W.",2006,10.1016/j.marmicro.2005.09.001,Marine Micropaleontology,
keigwin2004,Radiocarbon and Stable Isotope Constraints on Last Glacial Maximum and Younger Dryas Ventilation in the Western North Atlantic,"Keigwin, L.",,2004,10.1029/2004PA001029,Paleoceanography,
kennett.etal2000,"Latest Quaternary Paleoclimatic and Radiocarbon Chronology, Hole 1017E, Southern California Margin","Kennett, J.","Roark, E.; Cannariato, K.; Ingram, B.; Tada, R.",2000,10.2973/odp.proc.sr.167.242.2000,,Proceedings of the Ocean Drilling Program Scientific Results
kiefer1998,Produktivität und Temperaturen im subtropischen Nordatlantik: zyklische und abrupte Veränderungen im späten Quartär,"Kiefer, T.",,1998,10.2312/reports-gpi.1998.90,,
knies.vogt2003,Freshwater Pulses in the Eastern Arctic Ocean during Saalian and Early Weichselian Ice-Sheet Collapse,"Knies, J.","Vogt, C.",2003,10.1016/j.yqres.2003.07.008,Quaternary Research,
koutavas.lynch-stieglitz2003,Glacial-Interglacial Dynamics of the Eastern Equatorial Pacific Cold Tongue-Intertropical Convergence Zone System Reconstructed from Oxygen Isotope Records,"Koutavas, A.","Lynch-Stieglitz, J.",2003,10.1029/2003pa000894,Paleoceanography,
kuhnt.etal2008,Stable Isotopic Composition of Holocene Benthic Foraminifers from the Eastern Mediterranean Sea: Past Changes in Productivity and Deep Water Oxygenation,"Kuhnt, T.","Schmiedl, G.; Ehrmann, W.; Hamann, Y.; Andersen, N.",2008,10.1016/j.palaeo.2008.07.010,"Palaeogeography, Palaeoclimatology, Palaeoecology",
labeyrie.etal1995,Surface and Deep Hydrology of the Northern Atlantic Ocean during the Past 150000 Years,"Labeyrie, L.","Vidal, L.; Cortijo, E.; Paterne, M.; Arnold, M.; Duplessy, J.; Vautravers, M.; Labracherie, M.; Duprat, J.; Turon, J.; Grousset, F.; Weering, T. van ; Eglinton, G.; Elderfield, H.; Whitfield, M.; Le, P.. Williams, B.",1995,10.1098/rstb.1995.0067,Philosophical Transactions of the Royal Society of London. Series B: Biological Sciences,
labeyrie.etal1996,Hydrographic Changes of the Southern Ocean (Southeast Indian Sector) Over the Last 230 Kyr,"Labeyrie, L.","Labracherie, M.; Gorfti, N.; Pichon, J.; Vautravers, M.; Arnold, M.; Duplessy, J.-C.; Paterne, M.; Michel, E.; Duprat, J.; Caralp, M.; Turon, J.-L.",1996,10.1029/95PA02255,Paleoceanography,
labeyrie1996,Quaternary Paleoceanography: Unpublished Stable Isotope Records,"Labeyrie, L.",,1996,,,
lea.etal2006,"Paleoclimate History of Galápagos Surface Waters over the Last 135,000yr","Lea, D.","Pak, D.; Belanger, C.; Spero, H.; Hall, M.; Shackleton, N.",2006,10.1016/j.quascirev.2005.11.010,Quaternary Science Reviews,
lea2000,Climate Impact of Late Quaternary Equatorial Pacific Sea Surface Temperature Variations,"Lea, D.",,2000,10.1126/science.289.5485.1719,Science,
little.etal1997,"Rapid Palaeoceanographic Changes in the Benguela Upwelling System for the Last 160,000 Years as Indicated by Abundances of Planktonic Foraminifera","Little, M.","Schneider, R.; Kroon, D.; Price, B.; Bickert, T.; Wefer, G.",1997,10.1016/s0031-0182(96)00136-8,"Palaeogeography, Palaeoclimatology, Palaeoecology",
lowry.etal1994,BOFS North Atlantic Data Set,"Lowry, R.","Machin, P.; Cramer, R.",1994,,,
lyle.etal2002,Patterns of CaCO3 Deposition in the Eastern Tropical Pacific Ocean for the Last 150 Kyr: Evidence for a Southeast Pacific Depositional Spike during Marine Isotope Stage (MIS) 2,"Lyle, M.","Mix, A.; Pisias, N.",2002,10.1029/2000pa000538,Paleoceanography,
lynch-stieglitz.etal2006,Meridional Overturning Circulation in the South Atlantic at the Last Glacial Maximum,"Lynch-Stieglitz, J.","Curry, W.; Oppo, D.; Ninneman, U.; Charles, C.; Munson, J.",2006,10.1029/2005GC001226,"Geochemistry, Geophysics, Geosystems",
lynch-stieglitz.etal2009,Florida Straits Density Structure and Transport over the Last 8000 Years,"Lynch-Stieglitz, J.","Curry, W.; Lund, D.",2009,10.1029/2008pa001717,Paleoceanography,
mackensen.etal1994,Benthic Foraminiferal Assemblages and the d13C-Signal in the Atlantic Sector of the Southern Ocean: Glacial-to-Interglacial Contrasts,"Mackensen, A.","Grobe, H.; Hubberten, H.-W.; Kuhn, G.",1994,10.1007/978-3-642-78737-9_6,,Carbon Cycling in the Glacial Ocean: Constraints on the Ocean's Role in Global Change
mackensen.etal2001,Late Pleistocene Deep-Water Circulation in the Subantarctic Eastern Atlantic,"Mackensen, A.","Rudolph, M.; Kuhn, G.",2001,10.1016/S0921-8181(01)00102-3,Global and Planetary Change,
martinez.etal2003,La Niña-like Conditions in the Eastern Equatorial Pacific and a Stronger Choco Jet in the Northern Andes during the Last Glaciation,"Martínez, I.","Keigwin, L.; Barrows, T.; Yokoyama, Y.; Southon, J.",2003,10.1029/2002pa000877,Paleoceanography,
martinson.etal1987,"Age Dating and the Orbital Theory of the Ice Ages: Development of a High-Resolution 0 to 300,000-Year Chronostratigraphy","Martinson, D.","Pisias, N.; Hays, J.; Imbrie, J.; Moore, T.; Shackleton, N.",1987,10.1016/0033-5894(87)90046-9,Quaternary Research,
max.etal2014,Pulses of Enhanced North Pacific Intermediate Water Ventilation from the Okhotsk Sea and Bering Sea during the Last Deglaciation,"Max, L.","Lembke-Jene, L.; Riethdorf, J.-R.; Tiedemann, R.; Nürnberg, D.; Kühn, H.; Mackensen, A.",2014,10.5194/cp-10-591-2014,Climate of the Past,
mccave.etal2005,Deep Flow in the Madagascar-Mascarene Basin over the Last 150000 Years,"McCave, I.","Kiefer, T.; Thornalley, D.; Elderfield, H.",2005,10.1098/rsta.2004.1480,"Philosophical Transactions of the Royal Society A: Mathematical, Physical and Engineering Sciences",
mccave.etal2008,Glacial- Interglacial Changes in Water Mass Structure and Flow in the SW Pacific Ocean,"McCave, I.","Carter, L.; Hall, I.",2008,10.1016/j.quascirev.2008.07.010,Quaternary Science Reviews,
mcintyre.etal1989,Surface Water Response of the Equatorial Atlantic Ocean to Orbital Forcing,"McIntyre, A.","Ruddiman, W.; Karlin, K.; Mix, A.",1989,10.1029/PA004i001p00019,Paleoceanography,
mcmanus.etal1999,A 0.5-Million-Year Record of Millennial-Scale Climate Variability in the North Atlantic,"McManus, J.","Oppo, D.; Cullen, J.",1999,10.1126/science.283.5404.971,Science,
millo.etal2008,Variability of the Denmark Strait Overflow during the Last Glacial Maximum,"Millo, C.","Sarnthein, M.; Voelker, A.; Erlenkeuser, H.",2008,10.1111/j.1502-3885.2006.tb01112.x,Boreas,
mix.etal1991,"Carbon 13 in Pacific Deep and Intermediate Waters, 0-370 Ka: Implications for Ocean Circulation and Pleistocene CO2","Mix, A.","Pisias, N.; Zahn, R.; Rugh, W.; Lopez, C.; Nelson, K.",1991,10.1029/90PA02303,Paleoceanography,
mix.etal1995,Benthic Foraminiferal Stable Isotope Stratigraphy of Site 846: 0-1.8 Ma,"Mix, A.","Le, J.; Shackleton, N.",1995,10.2973/odp.proc.sr.138.160.1995,,Proceedings of the Ocean Drilling Program Scientific Results
mix.etal2001,"Environmental Processes of the Ice Age: Land, Oceans, Glaciers (EPILOG)","Mix, A.","Bard, E.; Schneider, R.",2001,10.1016/S0277-3791(00)00145-1,Quaternary Science Reviews,
mix1986,Late Quaternary Paleoceanography of the Atlantic Ocean: Foraminiferal Faunal and Stable-Isotopic Evidence,"Mix, A.",,1986,,,
mollenhauer.etal2002,Glacial/Interglacial Variablity in the Benguela Upwelling System: Spatial Distribution and Budgets of Organic Carbon Accumulation,"Mollenhauer, G.","Schneider, R.; Müller, P.; Spiess, V.; Wefer, G.",2002,10.1029/2001GB001488,Global Biogeochemical Cycles,
morley.etal1991,Late Pleistocene/Holocene Radiolarian and Pollen Records from Sediments in the Sea of Okhotsk,"Morley, J.","Heusser, L.; Shackleton, N.",1991,10.1029/90PA02031,Paleoceanography,
mulitza.etal2008,Sahel Megadroughts Triggered by Glacial Slowdowns of Atlantic Meridional Overturning,"Mulitza, S.","Prange, M.; Stuut, J.-B.; Zabel, M.; Dobeneck, T. von ; Itambi, A.; Nizou, J.; Schulz, M.; Wefer, G.",2008,10.1029/2008pa001637,Paleoceanography,
nelson.etal1993,"Oceanographic and Climatic Changes over the Past 160,000 Years at Deep Sea Drilling Project Site 594 off Southeastern New Zealand, Southwest Pacific Ocean","Nelson, C.","Cooke, P.; Hendy, C.; Cuthbertson, A.",1993,10.1029/93pa01162,Paleoceanography,
norgaard-pedersen.etal1998,"Central Arctic Surface Ocean Environment during the Past 80,000 Years","Nørgaard-Pedersen, N.","Spielhagen, R.; Thiede, J.; Kassens, H.",1998,10.1029/97PA03409,Paleoceanography,
nurnberg.etal2008,Interacting Loop Current Variability and Mississippi River Discharge over the Past 400 Kyr,"Nürnberg, D.","Ziegler, M.; Karas, C.; Tiedemann, R.; Schmidt, M.",2008,10.1016/j.epsl.2008.04.051,Earth and Planetary Science Letters,
nurnberg.etal2015,Sea Surface and Subsurface Circulation Dynamics off Equatorial Peru during the Last ~ 17 Kyr,"Nürnberg, D.","Böschen, T.; Doering, K.; Mollier-Vogel, E.; Raddatz, J.; Schneider, R.",2015,10.1002/2014pa002706,Paleoceanography,
nurnberg.tiedemann2004,Environmental Change in the Sea of Okhotsk during the Last 1.1 Million Years,"Nürnberg, D.","Tiedemann, R.",2004,10.1029/2004pa001023,Paleoceanography,
oba.murayama2004,Sea-Surface Temperature and Salinity Changes in the Northwest Pacific since the Last Glacial Maximum,"Oba, T.","Murayama, M.",2004,10.1002/jqs.843,Journal of Quaternary Science,
oliver.etal2010,A Synthesis of Marine Sediment Core d13C Data over the Last 150 000 Years,"Oliver, K.","Hoogakker, B.; Crowhurst, S.; Henderson, G.; Rickaby, R.; Edwards, N.; Elderfield, H.",2010,10.5194/cp-6-645-2010,Climate of the Past,
oppo.etal1990,Late Pleistocene Southern Ocean d13C Variability,"Oppo, D.","Fairbanks, R.; Gordon, A.; Shackleton, N.",1990,10.1029/PA005i001p00043,Paleoceanography,
oppo.etal2003,Deepwater Variability in the Holocene Epoch,"Oppo, D.","McManus, J.; Cullen, J.",2003,10.1038/422277b,Nature,
oppo.etal2006,Evolution and Demise of the Last Interglacial Warmth in the Subpolar North Atlantic,"Oppo, D.","McManus, J.; Cullen, J.",2006,10.1016/j.quascirev.2006.07.006,Quaternary Science Reviews,
oppo.fairbanks1987,"Variability in the Deep and Intermediate Water Circulation of the Atlantic Ocean during the Past 25,000 Years: Northern Hemisphere Modulation of the Southern Ocean","Oppo, D.","Fairbanks, R.",1987,10.1016/0012-821X(87)90183-X,Earth and Planetary Science Letters,
oppo.lehman1995,"Suborbital Timescale Variability of North Atlantic Deep Water during the Past 200,000 Years","Oppo, D.","Lehman, S.",1995,10.1029/95PA02089,Paleoceanography,
oppo.sun2005,Amplitude and Timing of Sea-Surface Temperature Change in the Northern South China Sea: Dynamic Link to the East Asian Monsoon,"Oppo, D.","Sun, Y.",2005,10.1130/g21867.1,Geology,
pahnke.etal2003,"340,000-Year Centennial-Scale Marine Record of Southern Hemisphere Climatic Oscillation","Pahnke, K.","Zahn, R.; Elderfield, H.; Schulz, M.",2003,10.1126/science.1084451,Science,
pahnke.zahn2005,Southern Hemisphere Water Mass Conversion Linked with North Atlantic Climate Variability,"Pahnke, K.","Zahn, R.",2005,10.1126/science.1102163,Science,
patrick.thunell1997,Tropical Pacific Sea Surface Temperatures and Upper Water Column Thermal Structure during the Last Glacial Maximum,"Patrick, A.","Thunell, R.",1997,10.1029/97PA01553,Paleoceanography,
pedersen.etal1988,The Response of Benthic Foraminifera to Productivity Cycles in the Eastern Equatorial Pacific: Faunal and Geochemical Constraints on Glacial Bottom Water Oxygen Levels,"Pedersen, T.","Pickering, M.; Vogel, J.; Southon, J.; Nelson, D.",1988,10.1029/pa003i002p00157,Paleoceanography,
pichevin.etal2005,Nitrogen Cycling on the Namibian Shelf and Slope over the Last Two Climatic Cycles: Local and Global Forcings,"Pichevin, L.","Martinez, P.; Bertrand, P.; Schneider, R.; Giraudeau, J.; Emeis, K.",2005,10.1029/2004pa001001,Paleoceanography,
pichon.etal1992,Surface Water Temperature Changes in the High Latitudes of the Southern Hemisphere over the Last Glacial-Interglacial Cycle,"Pichon, J.","Labeyrie, L.; Bareille, G.; Labracherie, M.; Duprat, J.; Jouzel, J.",1992,10.1029/92pa00709,Paleoceanography,
pierre.etal2001,Stable Isotope Record of the Last 500 k.y. at Site 1087 (Southern Cape Basin),"Pierre, C.","Saliege, J.; Urrutiaguer, M.; Giraudeau, J.",2001,10.2973/odp.proc.sr.175.230.2001,,"Proceedings of the Ocean Drilling Program, Scientific Results"
praetorius.etal2008,Episodic Reductions in Bottom-Water Currents since the Last Ice Age,"Praetorius, S.","McManus, J.; Oppo, D.; Curry, W.",2008,10.1038/ngeo227,Nature Geoscience,
prell.etal1980,"Surface Circulation of the Indian Ocean during the Last Glacial Maximum, Approximately 18,000 Yr B.P.","Prell, W.","Hutson, W.; Williams, D.; Bé, A.; Geitzenauer, K.; Molfino, B.",1980,10.1016/0033-5894(80)90014-9,Quaternary Research,
rau.etal2002,"A 450-Kyr Record of Hydrological Conditions on the Western Agulhas Bank Slope, South of Africa","Rau, A.","Rogers, J.; Lutjeharms, J.; Giraudeau, J.; Lee-Thorp, J.; Chen, M.-T.; Waelbroeck, C.",2002,10.1016/S0025-3227(01)00213-4,Marine Geology,
richter2001,Stable Isotope Data of Sediment Core GEOFAR KF09,"Richter, T.",,2001,10.1594/PANGAEA.66316,,
rickaby.elderfield1999,Planktonic Foraminiferal Cd/Ca: Paleonutrients or Paleotemperature?,"Rickaby, R.","Elderfield, H.",1999,10.1029/1999PA900007,Paleoceanography,
rickaby.elderfield2005,Evidence from the High-Latitude North Atlantic for Variations in Antarctic Intermediate Water Flow during the Last Deglaciation,"Rickaby, R.","Elderfield, H.",2005,10.1029/2004gc000858,"Geochemistry, Geophysics, Geosystems",
rickaby.etal2010,Evidence for Elevated Alkalinity in the Glacial Southern Ocean,"Rickaby, R.","Elderfield, H.; Roberts, N.; Hillenbrand, C.-D.; Mackensen, A.",2010,10.1029/2009PA001762,Paleoceanography,
riethdorf.etal2013,Deglacial Development of (Sub) Sea Surface Temperature and Salinity in the Subarctic Northwest Pacific: Implications for Upper-Ocean Stratification,"Riethdorf, J.","Max, L.; Nürnberg, D.; Lembke-Jene, L.; Tiedemann, R.",2013,10.1002/palo.20014,Paleoceanography,
risebrobakken.etal2005,Extent and Variability of the Meridional Atlantic Circulation in the Eastern Nordic Seas during Marine Isotope Stage 5 and Its Influence on the Inception of the Last Glacial,"Risebrobakken, B.","Dokken, T.; Jansen, E.",2005,10.1029/158gm20,,The Nordic Seas: An Integrated Perspective
roberts.etal2016,Evolution of South Atlantic Density and Chemical Stratification across the Last Deglaciation,"Roberts, J.","Gottschalk, J.; Skinner, L.; Peck, V.; Kender, S.; Elderfield, H.; Waelbroeck, C.; Riveiros, N.; Hodell, D.",2016,10.1073/pnas.1511252113,Proceedings of the National Academy of Sciences,
romahn.etal2014,Deglacial Intermediate Water Reorganization: New Evidence from the Indian Ocean,"Romahn, S.","Mackensen, A.; Groeneveld, J.; Pätzold, J.",2014,10.5194/cp-10-293-2014,Climate of the Past,
ronge.etal2015,"Pushing the Boundaries: Glacial/Interglacial Variability of Intermediate and Deep Waters in the Southwest Pacific over the Last 350,000 Years","Ronge, T.","Steph, S.; Tiedemann, R.; Prange, M.; Merkel, U.; Nürnberg, D.; Kuhn, G.",2015,10.1002/2014pa002727,Paleoceanography,
ruggeberg.etal2005,"Sedimentary Patterns in the Vicinity of a Carbonate Mound in the Hovland Mound Province, Northern Porcupine Seabight","Rüggeberg, A.","Dorschel, B.; Dullo, W.-C.; Hebbeln, D.",2005,10.1007/3-540-27673-4_5,,Cold-Water Corals and Ecosystems
ruhlemann.etal1999,Warming of the Tropical Atlantic Ocean and Slowdown of Thermohaline Circulation during the Last Deglaciation,"Rühlemann, C.","Mulitza, S.; Müller, P.; Wefer, G.; Zahn, R.",1999,10.1038/990069,Nature,
russon.etal2009,Middle-Late Pleistocene Deep Water Circulation in the Southwest Subtropical Pacific,"Russon, T.","Elliot, M.; Kissel, C.; Cabioch, G.; Deckker, P.; Corrège, T.",2009,10.1029/2009PA001755,Paleoceanography,
saikku.etal2009,A Bi-Polar Signal Recorded in the Western Tropical Pacific: Northern and Southern Hemisphere Climate Records from the Pacific Warm Pool during the Last Ice Age,"Saikku, R.","Stott, L.; Thunell, R.",2009,10.1016/j.quascirev.2009.05.007,Quaternary Science Reviews,
samson.etal2005,"Deglacial Paleoceanographic History of the Bay of Plenty, New Zealand","Samson, C.","Sikes, E.; Howard, W.",2005,10.1029/2004pa001088,Paleoceanography,
sarnthein.etal1988,"Global Variations of Surface Ocean Productivity in Low and Mid Latitudes: Influence on CO2 reservoirs of the Deep Ocean and Atmosphere during the Last 21,000 Years","Sarnthein, M.","Winn, K.; Duplessy, J.-C.; Fontugne, M.",1988,10.1029/pa003i003p00361,Paleoceanography,
sarnthein.etal1994,"Changes in East Atlantic Deepwater Circulation over the Last 30,000 Years: Eight Time Slice Reconstructions","Sarnthein, M.","Winn, K.; Jung, S.; Duplessy, J.-C.; Labeyrie, L.; Erlenkeuser, H.; Ganssen, G.",1994,10.1029/93PA03301,Paleoceanography,
sarnthein.etal2004,Mid Holocene Origin of the Sea-Surface Salinity Low in the Subarctic North Pacific,"Sarnthein, M.","Gebhardt, H.; Kiefer, T.; Kucera, M.; Cook, M.; Erlenkeuser, H.",2004,10.1016/j.quascirev.2004.08.008,Quaternary Science Reviews,
sarnthein.etal2008,"Centennial-to-Millennial-Scale Periodicities of Holocene Climate and Sediment Injections off the Western Barents Shelf, 75°N","Sarnthein, M.","Kreveld, S.; Erlenkeuser, H.; Grootes, P.; Kucera, M.; Pflaumann, U.; Schulz, M.",2008,10.1111/j.1502-3885.2003.tb01227.x,Boreas,
schlung.etal2013,Millennial-Scale Climate Change and Intermediate Water Circulation in the Bering Sea from 90 Ka: A High-Resolution Record from IODP Site U1340,"Schlung, S.","Ravelo, A.; Aiello, I.; Andreasen, D.; Cook, M.; Drake, M.; Dyez, K.; Guilderson, T.; LaRiviere, J.; Stroynowski, Z.; Takahashi, K.",2013,10.1029/2012pa002365,Paleoceanography,
schmiedl.mackensen1997,Late Quaternary Paleoproductivity and Deep Water Circulation in the Eastern South Atlantic Ocean: Evidence from Benthic Foraminifera,"Schmiedl, G.","Mackensen, A.",1997,10.1016/S0031-0182(96)00137-X,"Palaeogeography, Palaeoclimatology, Palaeoecology",
schmiedl.mackensen2006,Multispecies Stable Isotopes of Benthic Foraminifers Reveal Past Changes of Organic Matter Decomposition and Deepwater Oxygenation in the Arabian Sea,"Schmiedl, G.","Mackensen, A.",2006,10.1029/2006PA001284,Paleoceanography,
schonfeld.etal2003,Surface and Deep Water Response to Rapid Climate Changes at the Western Iberian Margin,"Schönfeld, J.","Zahn, R.; Abreu, L. de ",2003,10.1016/s0921-8181(02)00197-2,Global and Planetary Change,
schulz.etal1998,"Correlation between Arabian Sea and Greenland Climate Oscillations of the Past 110,000 Years","Schulz, H.","Rad, U. von ; Erlenkeuser, H.",1998,10.1038/31750,Nature,
shackleton.etal1992,Carbon Isotope Records from Pacific Surface Waters and Atmospheric Carbon Dioxide,"Shackleton, N.","Le, J.; Mix, A.; Hall, M.",1992,10.1016/0277-3791(92)90021-Y,Quaternary Science Reviews,
shackleton.etal1995,Pliocene Stable Isotope Stratigraphy of Site 846,"Shackleton, N.","Hall, M.; Pate, D.",1995,10.2973/odp.proc.sr.138.117.1995,,"Proceedings of the Ocean Drilling Program, Scientific Results"
shackleton.etal2000,"Phase Relationships between Millennial-Scale Events 64,000- 24,000 Years Ago","Shackleton, N.","Hall, M.; Vincent, E.",2000,10.1029/2000PA000513,Paleoceanography,
shackleton.pisias2013,"Atmospheric Carbon Dioxide, Orbital Forcing, and Climate","Shackleton, N.","Pisias, N.",2013,10.1029/gm032p0303,,The Carbon Cycle and Atmospheric CO2 : Natural Variations Archean to Present
sierro.etal2005,Impact of Iceberg Melting on Mediterranean Thermohaline Circulation during Heinrich Events,"Sierro, F.","Hodell, D.; Curtis, J.; Flores, J.; Reguera, I.; Colmenero-Hidalgo, E.; Bárcena, M.; Grimalt, J.; Cacho, I.; Frigola, J.; Canals, M.",2005,10.1029/2004pa001051,Paleoceanography,
sikes.etal2009,Southern Ocean Seasonal Temperature and Subtropical Front Movement on the South Tasman Rise in the Late Quaternary,"Sikes, E.","Howard, W.; Samson, C.; Mahan, T.; Robertson, L.; Volkman, J.",2009,10.1029/2008pa001659,Paleoceanography,
sikes.keigwin1994,"Equatorial Atlantic Sea Surface Temperature for the Last 30 Kyr: A Comparison of U_37 K' , d18O and Foraminiferal Assemblage Temperature Estimates","Sikes, E.","Keigwin, L.",1994,10.1029/93PA02198,Paleoceanography,
sirocko.etal1993,"Century-Scale Events in Monsoonal Climate over the Past 24,000 Years","Sirocko, F.","Sarnthein, M.; Erlenkeuser, H.; Lange, H.; Arnold, M.; Duplessy, J.",1993,10.1038/364322a0,Nature,
sirocko.etal2000,"Processes Controlling Trace Element Geochemistry of Arabian Sea Sediments during the Last 25,000 Years","Sirocko, F.","Garbe-Schönberg, D.; Devey, C.",2000,10.1016/S0921-8181(00)00046-1,Global and Planetary Change,
sirocko1989,Zur Akkumulation von Staubsedimenten im nördlichen Indischen Ozean; Anzeiger der Klimageschichte Arabiens und Indiens,"Sirocko, F.",,1989,10.2312/reports-gpi.1989.27,,
slowey.curry1995,Glacial-Interglacial Differences in Circulation and Carbon Cycling within the Upper Western North Atlantic,"Slowey, N.","Curry, W.",1995,10.1029/95PA01166,Paleoceanography,
stott.etal2000,Intermediate Water Ventilation on the Northeastern Pacific Margin during the Late Pleistocene Inferred from Benthic Foraminiferal 13C,"Stott, L.","Neumann, M.; Hammond, D.",2000,10.1029/1999pa000375,Paleoceanography,
stott.etal2002,Super ENSO and Global Climate Oscillations at Millennial Time Scales,"Stott, L.","Poulsen, C.; Lund, S.; Thunell, R.",2002,10.1126/science.1071627,Science,
stott.etal2007,Southern Hemisphere and Deep-Sea Warming Led Deglacial Atmospheric CO2 Rise and Tropical Warming,"Stott, L.","Timmermann, A.; Thunell, R.",2007,10.1126/science.1143791,Science,
tapia.etal2015,Disparities in Glacial Advection of Southern Ocean Intermediate Water to the South Pacific Gyre,"Tapia, R.","Nürnberg, D.; Ronge, T.; Tiedemann, R.",2015,10.1016/j.epsl.2014.11.031,Earth and Planetary Science Letters,
thornalley.etal2010,Freshwater Input and Abrupt Deglacial Climate Change in the North Atlantic,"Thornalley, D.","McCave, I.; Elderfield, H.",2010,10.1029/2009pa001772,Paleoceanography,
thornalley.etal2010a,"Intermediate and Deep Water Paleoceanography of the Northern North Atlantic over the Past 21,000 Years","Thornalley, D.","Elderfield, H.; McCave, I.",2010,10.1029/2009pa001833,Paleoceanography,
thornalley.etal2011,Reconstructing North Atlantic Deglacial Surface Hydrography and Its Link to the Atlantic Overturning Circulation,"Thornalley, D.","Elderfield, H.; McCave, I.",2011,10.1016/j.gloplacha.2010.06.003,Global and Planetary Change,
thunell.etal1992,Glacial-Holocene Biogenic Sedimentation Patterns in the South China Sea: Productivity Variations and Surface Water pCO2,"Thunell, R.","Qingmin, M.; Calvert, S.; Pedersen, T.",1992,10.1029/92PA00278,Paleoceanography,
tian.etal2002,Astronomically Tuned Plio-Pleistocene Benthic d18O Record from South China Sea and Atlantic-Pacific Comparison,"Tian, J.","Wang, P.; Cheng, X.; Li, Q.",2002,10.1016/S0012-821X(02)00923-8,Earth and Planetary Science Letters,
ullermann.etal2016,Pacific-Atlantic Circumpolar Deep Water Coupling during the Last 500 Ka,"Ullermann, J.","Lamy, F.; Ninnemann, U.; Lembke-Jene, L.; Gersonde, R.; Tiedemann, R.",2016,10.1002/2016pa002932,Paleoceanography,
vankreveld.etal2000,"Potential Links between Surging Ice Sheets, Circulation Changes, and the Dansgaard-Oeschger Cycles in the Irminger Sea, 60-18 Kyr","Kreveld, S. van ","Sarnthein, M.; Erlenkeuser, H.; Grootes, P.; Jung, S.; Nadeau, M.; Pflaumann, U.; Voelker, A.",2000,10.1029/1999pa000464,Paleoceanography,
venz.etal1999,A 1.0 Myr Record of Glacial North Atlantic Intermediate Water Variability from ODP Site 982 in the Northeast Atlantic,"Venz, K.","Hodell, D.; Stanton, C.; Warnke, D.",1999,10.1029/1998PA900013,Paleoceanography,
voelker.deabreu2011,"A Review of Abrupt Climate Change Events in the Northeastern Atlantic Ocean (Iberian Margin): Latitudinal, Longitudinal, and Vertical Gradients","Voelker, A.","Abreu, L. de ",2011,10.1029/2010GM001021,,"Abrupt Climate Change: Mechanisms, Patterns, and Impacts"
voelker.etal2006,Mediterranean Outflow Strengthening during Northern Hemisphere Coolings: A Salt Source for the Glacial Atlantic?,"Voelker, A.","Lebreiro, S.; Schönfeld, J.; Cacho, I.; Erlenkeuser, H.; Abrantes, F.",2006,10.1016/j.epsl.2006.03.014,Earth and Planetary Science Letters,
voelker.etal2009,Hydrographic Conditions along the Western Iberian Margin during Marine Isotope Stage 2,"Voelker, A.","Abreu, L. de ; Schönfeld, J.; Erlenkeuser, H.; Abrantes, F.",2009,10.1029/2009gc002605,"Geochemistry, Geophysics, Geosystems",
voelker1999,Zur Deutung Der Dansgaard-Oeschger Ereignisse in Ultra-Hochauflösenden Sedimentprofilen Aus Dem Europäischen Nordmeer,"Voelker, A.",,1999,10.2312/reports-ifg.1999.9,,
waddell.etal2009,Ventilation of the Abyssal Southern Ocean during the Late Neogene: A New Perspective from the Subantarctic Pacific,"Waddell, L.","Hendy, I.; Moore, T.; Lyle, M.",2009,10.1029/2008pa001661,Paleoceanography,
waelbroeck.etal2011,The Timing of Deglacial Circulation Changes in the Atlantic,"Waelbroeck, C.","Skinner, L.; Labeyrie, L.; Duplessy, J.-C.; Michel, E.; Riveiros, N.; Gherardi, J.-M.; Dewilde, F.",2011,10.1029/2010pa002007,Paleoceanography,
wang.etal1999,East Asian Monsoon Climate during the Late Pleistocene: High-Resolution Sediment Records from the South China Sea,"Wang, L.","Sarnthein, M.; Erlenkeuser, H.; Grimalt, J.; Grootes, P.; Heilig, S.; Ivanova, E.; Kienast, M.; Pelejero, C.; Pflaumann, U.",1999,10.1016/s0025-3227(98)00182-0,Marine Geology,
wang.etal1999a,Millennial Reoccurrence of Century-Scale Abrupt Events of East Asian Monsoon: A Possible Heat Conveyor for the Global Deglaciation,"Wang, L.","Sarnthein, M.; Grootes, P.; Erlenkeuser, H.",1999,10.1029/1999pa900028,Paleoceanography,
weaver.etal1998,Response of Surface Water Masses and Circulation to Late Quaternary Climate Change East of New Zealand,"Weaver, P.","Carter, L.; Neil, H.",1998,10.1029/97PA02982,Paleoceanography,
weber.etal2001,Derivation of 18O from Sediment Core Log Data: Implications for Millennial-Scale Climate Change in the Labrador Sea,"Weber, M.","Mayer, L.; Hillaire-Marcel, C.; Bilodeau, G.; Rack, F.; Hiscott, R.; Aksu, A.",2001,10.1029/2000pa000560,Paleoceanography,
wefer.etal1996,Late Quaternary Surface Circulation of the South Atlantic: The Stable Isotope Record and Implications for Heat Transport and Productivity,"Wefer, G.","Berger, W.; Bickert, T.; Donner, B.; Fischer, G.; Mücke, S. von; Meinecke, G.; Müller, P.; Mulitza, S.; Niebler, H.-S.; Pätzold, J.; Schmidt, H.; Schneider, R.; Segl, M.",1996,10.1007/978-3-642-80353-6_25,,The South Atlantic: Present and Past Circulation
weinelt1993,Veränderungen Der Oberflächenzirkulation Im Europäischen Nordmeer Während Der Letzten 60.000 Jahre - Hinweise Aus Stabilen Isotopen,"Weinelt, M.",,1993,10.2312/reports-sfb313.1993.41,,
werner.etal2011,Atlantic Water Advection to the Eastern Fram Strait - Multiproxy Evidence for Late Holocene Variability,"Werner, K.","Spielhagen, R.; Bauch, D.; Hass, H.; Kandiano, E.; Zamelczyk, K.",2011,10.1016/j.palaeo.2011.05.030,"Palaeogeography, Palaeoclimatology, Palaeoecology",
werner.etal2013,Atlantic Water Advection versus Sea-Ice Advances in the Eastern Fram Strait during the Last 9 Ka: Multiproxy Evidence for a Two-Phase Holocene,"Werner, K.","Spielhagen, R.; Bauch, D.; Hass, H.; Kandiano, E.",2013,10.1002/palo.20028,Paleoceanography,
werner.etal2016,Holocene Sea Subsurface and Surface Water Masses in the Fram Strait - Comparisons of Temperature and Sea-Ice Reconstructions,"Werner, K.","Müller, J.; Husum, K.; Spielhagen, R.; Kandiano, E.; Polyak, L.",2016,10.1016/j.quascirev.2015.09.007,Quaternary Science Reviews,
wollenburg.etal2001,Changes in Arctic Ocean Paleoproductivity and Hydrography during the Last 145 Kyr: The Benthic Foraminiferal Record,"Wollenburg, J.","Kuhnt, W.; Mackensen, A.",2001,10.1029/1999pa000454,Paleoceanography,
xu.etal2006,Changes in the Vertical Profile of the Indonesian Throughflow during Termination II: Evidence from the Timor Sea,"Xu, J.","Kuhnt, W.; Holbourn, A.; Andersen, N.; Bartoli, G.",2006,10.1029/2006pa001278,Paleoceanography,
zabel.etal1999,Significance of the Sedimentary Al:Ti Ratio as an Indicator for Variations in the Circulation Patterns of the Equatorial North Atlantic,"Zabel, M.","Bickert, T.; Dittert, L.; Haese, R.",1999,10.1029/1999PA900027,Paleoceanography,
zahn-knoll1986,Spätquartäre Entwicklung von Küstenauftrieb und Tiefenwasserzirkulation im Nordost-Atlantik : Rekonstruktion anhand stabiler Isotope kalkschaliger Foraminiferen,"Zahn-Knoll, R.",,1986,,,
zahn.etal1986,Benthic Foraminiferal d13C and Accumulation Rates of Organic Carbon: Uvigerina Peregrina Group and Cibicidoides Wuellerstorfi,"Zahn, R.","Winn, K.; Sarnthein, M.",1986,10.1029/PA001i001p00027,Paleoceanography,
zarriess.mackensen2010,"The Tropical Rainbelt and Productivity Changes off Northwest Africa: A 31,000-Year High-Resolution Record","Zarriess, M.","Mackensen, A.",2010,10.1016/j.marmicro.2010.06.001,Marine Micropaleontology,
zarriess.mackensen2011,"Testing the Impact of Seasonal Phytodetritus Deposition on 13C of Epibenthic Foraminifer Cibicidoides Wuellerstorfi: A 31,000 Year High-Resolution Record from the Northwest African Continental Slope","Zarriess, M.","Mackensen, A.",2011,10.1029/2010pa001944,Paleoceanography,
zhao.etal1995,Molecular Stratigraphy of Cores off Northwest Africa: Sea Surface Temperature History over the Last 80 Ka,"Zhao, M.","Beveridge, N.; Shackleton, N.; Sarnthein, M.; Eglinton, G.",1995,10.1029/94PA03354,Paleoceanography,
ziegler.etal2008,Persistent Summer Expansion of the Atlantic Warm Pool during Glacial Abrupt Cold Events,"Ziegler, M.","Nürnberg, D.; Karas, C.; Tiedemann, R.; Lourens, L.",2008,10.1038/ngeo277,Nature Geoscience,
